{"cameraMode":{"drawMode":0,"name":"Shaded","section":"Shading Mode"},"sceneLighting":true,"audioPlay":false,"sceneViewState":{"showFog":true,"showMaterialUpdate":true,"showSkybox":true,"showFlares":true,"showImageEffects":true,"showParticleSystems":true},"in2DMode":false,"pivot":{"x":-41.46202850341797,"y":-4.278707504272461,"z":-20.027061462402345},"rotation":{"x":-0.09902051091194153,"y":0.16304650902748109,"z":-0.016451183706521989,"w":-0.9814988970756531},"size":100.34626770019531,"orthographic":false}