{"cameraMode":{"drawMode":0,"name":"Shaded","section":"Shading Mode"},"sceneLighting":true,"audioPlay":false,"sceneViewState":{"showFog":true,"showMaterialUpdate":true,"showSkybox":true,"showFlares":true,"showImageEffects":true,"showParticleSystems":true},"in2DMode":false,"pivot":{"x":-83.8883056640625,"y":11.190704345703125,"z":-31.190261840820314},"rotation":{"x":-0.09902051091194153,"y":0.16304650902748109,"z":-0.016451183706521989,"w":-0.9814988970756531},"size":108.71431732177735,"orthographic":false}